INSERT INTO `user` (`user_id`, `user_name`, `number`, `email`, `gender`, `userId`, `referred_id`, `pass`, `profile_picture`, `status`, `created_at`) VALUES
(1, 'রাকিব হাসান', '01710000001', 'rakib@gmail.com', 'male', 'USER1001', NULL, '$2y$10$92IXUNpkjO0rOQ5byMi.Ye4oKoEa3Ro9llC/.og/at2.uheWG/igi', 'rakib.jpg', 'active', '2024-01-15 10:30:00'),
(2, 'সাবরিনা আক্তার', '01710000002', 'sabrina@gmail.com', 'female', 'USER1002', 1, '$2y$10$92IXUNpkjO0rOQ5byMi.Ye4oKoEa3Ro9llC/.og/at2.uheWG/igi', 'sabrina.jpg', 'active', '2024-01-20 14:45:00'),
(3, 'ইমরান খান', '01710000003', 'imran@gmail.com', 'male', 'USER1003', 1, '$2y$10$92IXUNpkjO0rOQ5byMi.Ye4oKoEa3Ro9llC/.og/at2.uheWG/igi', 'imran.jpg', 'active', '2024-02-05 09:15:00'),
(4, 'নুসরাত জাহান', '01710000004', 'nusrat@gmail.com', 'female', 'USER1004', 2, '$2y$10$92IXUNpkjO0rOQ5byMi.Ye4oKoEa3Ro9llC/.og/at2.uheWG/igi', 'nusrat.jpg', 'deactivate', '2024-02-10 16:20:00'),
(5, 'তানভীর আহমেদ', '01710000005', 'tanvir@gmail.com', 'male', 'USER1005', 3, '$2y$10$92IXUNpkjO0rOQ5byMi.Ye4oKoEa3Ro9llC/.og/at2.uheWG/igi', 'tanvir.jpg', 'active', '2024-02-18 11:00:00'),
(6, 'ফারজানা ইসলাম', '01710000006', 'farzana@gmail.com', 'female', 'USER1006', 2, '$2y$10$92IXUNpkjO0rOQ5byMi.Ye4oKoEa3Ro9llC/.og/at2.uheWG/igi', 'farzana.jpg', 'active', '2024-03-01 08:30:00'),
(7, 'শাহরিয়ার হোসেন', '01710000007', 'shahriyar@gmail.com', 'male', 'USER1007', 5, '$2y$10$92IXUNpkjO0rOQ5byMi.Ye4oKoEa3Ro9llC/.og/at2.uheWG/igi', 'shahriyar.jpg', 'cancellation', '2024-03-10 13:45:00'),
(8, 'মিম আক্তার', '01710000008', 'mim@gmail.com', 'female', 'USER1008', 4, '$2y$10$92IXUNpkjO0rOQ5byMi.Ye4oKoEa3Ro9llC/.og/at2.uheWG/igi', 'mim.jpg', 'active', '2024-03-15 19:00:00'),
(9, 'রিয়াদ মিয়া', '01710000009', 'riyad@gmail.com', 'male', 'USER1009', 6, '$2y$10$92IXUNpkjO0rOQ5byMi.Ye4oKoEa3Ro9llC/.og/at2.uheWG/igi', 'riyad.jpg', 'active', '2024-03-20 12:10:00'),
(10, 'তাসনিম সুলতানা', '01710000010', 'tasnim@gmail.com', 'female', 'USER1010', 8, '$2y$10$92IXUNpkjO0rOQ5byMi.Ye4oKoEa3Ro9llC/.og/at2.uheWG/igi', 'tasnim.jpg', 'active', '2024-04-01 10:00:00');

INSERT INTO `balance` (`balance_id`, `user_id`, `total_balance`, `gold_balance`, `coin_balance`) VALUES
(1, 1, 5000.00, 10.50, 250.00),
(2, 2, 3200.00, 5.25, 180.50),
(3, 3, 7800.00, 15.75, 420.00),
(4, 4, 1200.00, 2.00, 75.00),
(5, 5, 6500.00, 12.00, 310.25),
(6, 6, 4300.00, 8.50, 195.00),
(7, 7, 900.00, 1.50, 45.00),
(8, 8, 10200.00, 20.00, 550.00),
(9, 9, 2800.00, 4.75, 125.50),
(10, 10, 5600.00, 11.25, 290.00);


INSERT INTO `recharge` (`recharge_id`, `user_id`, `mobile_number`, `recharge_amount`, `recharge_date`, `recharge_status`) VALUES
(1, 1, '01710000001', 500.00, '2024-01-20 10:00:00', 'approve'),
(2, 2, '01710000002', 1000.00, '2024-01-25 15:30:00', 'approve'),
(3, 3, '01710000003', 200.00, '2024-02-10 12:15:00', 'pending'),
(4, 4, '01710000004', 750.00, '2024-02-15 09:45:00', 'approve'),
(5, 5, '01710000005', 300.00, '2024-02-20 18:00:00', 'approve'),
(6, 6, '01710000006', 1500.00, '2024-03-05 14:20:00', 'pending'),
(7, 7, '01710000007', 450.00, '2024-03-12 11:10:00', 'approve'),
(8, 8, '01710000008', 800.00, '2024-03-18 16:45:00', 'approve'),
(9, 9, '01710000009', 600.00, '2024-03-25 13:30:00', 'pending'),
(10, 10, '01710000010', 1200.00, '2024-04-05 10:15:00', 'approve');

INSERT INTO `donate` (`donate_id`, `user_id`, `donate_amount`, `donate_date`) VALUES
(1, 1, 100.00, '2024-02-01 08:30:00'),
(2, 2, 50.00, '2024-02-05 17:45:00'),
(3, 3, 200.00, '2024-02-15 12:00:00'),
(4, 5, 75.00, '2024-02-28 19:20:00'),
(5, 6, 150.00, '2024-03-10 10:15:00'),
(6, 8, 300.00, '2024-03-20 14:30:00'),
(7, 9, 40.00, '2024-03-28 11:50:00'),
(8, 10, 90.00, '2024-04-02 16:10:00'),
(9, 3, 120.00, '2024-04-08 09:00:00'),
(10, 1, 80.00, '2024-04-10 13:25:00');

INSERT INTO `deposit` (`deposit_id`, `user_id`, `deposit_amount`, `deposit_method`, `deposit_date`, `deposit_status`) VALUES
(1, 1, 2000.00, 'Bkash', '2024-01-18 11:00:00', 'approve'),
(2, 2, 1500.00, 'Nagad', '2024-01-22 14:30:00', 'approve'),
(3, 3, 5000.00, 'Upay', '2024-02-08 09:45:00', 'pending'),
(4, 4, 800.00, 'Bkash', '2024-02-12 16:20:00', 'approve'),
(5, 5, 3000.00, 'Bkash', '2024-02-22 13:10:00', 'approve'),
(6, 6, 2500.00, 'Bkash', '2024-03-08 10:30:00', 'pending'),
(7, 7, 400.00, 'Bkash', '2024-03-14 15:50:00', 'approve'),
(8, 8, 7000.00, 'Bkash', '2024-03-22 12:40:00', 'approve'),
(9, 9, 1200.00, 'Bkash', '2024-03-28 17:15:00', 'approve'),
(10, 10, 3500.00, 'Bkash', '2024-04-03 11:25:00', 'pending');

INSERT INTO `bonus` (`bonus_id`, `user_id`, `bonus_amount`, `bonus_date`) VALUES
(1, 1, 100.00, '2024-02-01 00:00:00'),
(2, 2, 75.00, '2024-02-15 00:00:00'),
(3, 3, 150.00, '2024-03-01 00:00:00'),
(4, 4, 50.00, '2024-03-10 00:00:00'),
(5, 5, 200.00, '2024-03-20 00:00:00'),
(6, 6, 80.00, '2024-03-25 00:00:00'),
(7, 7, 30.00, '2024-04-01 00:00:00'),
(8, 8, 250.00, '2024-04-05 00:00:00'),
(9, 9, 60.00, '2024-04-08 00:00:00'),
(10, 10, 120.00, '2024-04-10 00:00:00');

INSERT INTO `buyGold` (`buy_id`, `user_id`, `amount`, `quantity`, `buy_date`) VALUES
(1, 1, 5000.00, 2.50, '2024-01-25 10:00:00'),
(2, 2, 3000.00, 1.50, '2024-02-05 14:30:00'),
(3, 3, 8000.00, 4.00, '2024-02-18 11:15:00'),
(4, 5, 4500.00, 2.25, '2024-03-01 09:45:00'),
(5, 6, 3500.00, 1.75, '2024-03-12 16:20:00'),
(6, 8, 10000.00, 5.00, '2024-03-20 13:50:00'),
(7, 9, 2500.00, 1.25, '2024-03-28 10:30:00'),
(8, 10, 6000.00, 3.00, '2024-04-05 15:10:00'),
(9, 3, 4000.00, 2.00, '2024-04-08 12:40:00'),
(10, 1, 3500.00, 1.75, '2024-04-10 09:00:00');

INSERT INTO `sellGold` (`sell_id`, `user_id`, `amount`, `quantity`, `sell_date`) VALUES
(1, 2, 2500.00, 1.25, '2024-02-10 10:00:00'),
(2, 4, 800.00, 0.40, '2024-02-20 15:30:00'),
(3, 6, 1800.00, 0.90, '2024-03-05 11:45:00'),
(4, 7, 400.00, 0.20, '2024-03-15 14:20:00'),
(5, 9, 1500.00, 0.75, '2024-03-25 09:30:00'),
(6, 1, 3000.00, 1.50, '2024-04-01 16:10:00'),
(7, 3, 2000.00, 1.00, '2024-04-05 13:40:00'),
(8, 5, 3500.00, 1.75, '2024-04-08 11:00:00'),
(9, 8, 4000.00, 2.00, '2024-04-10 15:20:00'),
(10, 10, 2800.00, 1.40, '2024-04-12 10:50:00');


INSERT INTO `collectGold` (`collect_id`, `user_id`, `quantity`, `delivery_user`, `delivery_user_number`, `delivery_address`, `collect_date`, `delivery_date`, `collect_status`) VALUES
(1, 1, 1.50, 'করিয়ার ম্যান ১', '01810000001', 'ঢাকা, বাংলাদেশ', '2024-02-15 10:00:00', '2024-02-20', 'delivered'),
(2, 2, 0.75, 'করিয়ার ম্যান ২', '01810000002', 'চট্টগ্রাম, বাংলাদেশ', '2024-02-25 14:30:00', '2024-03-01', 'delivered'),
(3, 3, 2.00, 'করিয়ার ম্যান ৩', '01810000003', 'রাজশাহী, বাংলাদেশ', '2024-03-05 11:15:00', '2024-03-10', 'processing'),
(4, 5, 1.25, 'করিয়ার ম্যান ৪', '01810000004', 'খুলনা, বাংলাদেশ', '2024-03-15 09:45:00', '2024-03-20', 'delivered'),
(5, 6, 0.90, 'করিয়ার ম্যান ৫', '01810000005', 'বরিশাল, বাংলাদেশ', '2024-03-22 16:20:00', '2024-03-28', 'pending'),
(6, 8, 2.50, 'করিয়ার ম্যান ৬', '01810000006', 'সিলেট, বাংলাদেশ', '2024-04-01 13:50:00', '2024-04-07', 'processing'),
(7, 9, 0.60, 'করিয়ার ম্যান ৭', '01810000007', 'ময়মনসিংহ, বাংলাদেশ', '2024-04-05 10:30:00', NULL, 'pending'),
(8, 10, 1.80, 'করিয়ার ম্যান ৮', '01810000008', 'রংপুর, বাংলাদেশ', '2024-04-08 15:10:00', '2024-04-12', 'delivered'),
(9, 3, 1.00, 'করিয়ার ম্যান ৯', '01810000009', 'ঢাকা, বাংলাদেশ', '2024-04-10 12:40:00', NULL, 'pending'),
(10, 1, 0.85, 'করিয়ার ম্যান ১০', '01810000010', 'নারায়ণগঞ্জ, বাংলাদেশ', '2024-04-12 09:00:00', '2024-04-15', 'processing');

INSERT INTO `reffer` (`refer_id_no`, `refer_id`, `referred_id`) VALUES
(1, 1, 2),
(2, 1, 3),
(3, 2, 4),
(4, 3, 5),
(5, 2, 6),
(6, 5, 7),
(7, 4, 8),
(8, 6, 9),
(9, 8, 10),
(10, 3, 1);

INSERT INTO `verify` (`verify_id`, `user_id`, `verify_date`, `verify_expair`, `verify_status`) VALUES
(1, 1, '2024-01-20', '2025-01-20', 'active'),
(2, 2, '2024-01-25', '2025-01-25', 'active'),
(3, 3, '2024-02-10', '2025-02-10', 'active'),
(4, 4, '2024-02-15', '2025-02-15', 'deactive'),
(5, 5, '2024-02-22', '2025-02-22', 'active'),
(6, 6, '2024-03-05', '2025-03-05', 'active'),
(7, 7, '2024-03-12', '2025-03-12', 'deactive'),
(8, 8, '2024-03-20', '2025-03-20', 'active'),
(9, 9, '2024-03-28', '2025-03-28', 'active'),
(10, 10, '2024-04-05', '2025-04-05', 'active');

INSERT INTO `p2p` (`p2p_id`, `user_id`, `package_id`, `purchase_date`, `expair_date`, `last_collect_date`, `p2p_status`) VALUES
(1, 1, 1, '2024-01-20', '2025-01-20', '2024-04-10', 'active'),
(2, 2, 2, '2024-01-25', '2025-01-25', '2024-04-09', 'active'),
(3, 3, 1, '2024-02-10', '2025-02-10', '2024-04-08', 'active'),
(4, 4, 3, '2024-02-15', '2024-08-15', '2024-03-15', 'deactive'),
(5, 5, 2, '2024-02-22', '2025-02-22', '2024-04-07', 'active'),
(6, 6, 1, '2024-03-05', '2025-03-05', '2024-04-06', 'active'),
(7, 7, 3, '2024-03-12', '2024-09-12', '2024-03-20', 'deactive'),
(8, 8, 2, '2024-03-20', '2025-03-20', '2024-04-05', 'active'),
(9, 9, 1, '2024-03-28', '2025-03-28', '2024-04-04', 'active'),
(10, 10, 2, '2024-04-05', '2025-04-05', '2024-04-10', 'active');

INSERT INTO `gold_price` (`gold_price_id`, `gold_price`, `date`) VALUES
(1, 5200.00, '2024-01-01'),
(2, 5250.00, '2024-02-01'),
(3, 5300.00, '2024-03-01'),
(4, 5350.00, '2024-03-15'),
(5, 5400.00, '2024-04-01'),
(6, 5380.00, '2024-04-05'),
(7, 5420.00, '2024-04-08'),
(8, 5450.00, '2024-04-10'),
(9, 5480.00, '2024-04-11'),
(10, 5500.00, '2024-04-12');

INSERT INTO `coin_price` (`coin_price_id`, `coin_price`, `date`) VALUES
(1, 2.50, '2024-01-01'),
(2, 2.55, '2024-02-01'),
(3, 2.60, '2024-03-01'),
(4, 2.58, '2024-03-15'),
(5, 2.62, '2024-04-01'),
(6, 2.65, '2024-04-05'),
(7, 2.63, '2024-04-08'),
(8, 2.67, '2024-04-10'),
(9, 2.70, '2024-04-11'),
(10, 2.68, '2024-04-12');

INSERT INTO `bonus_coin` (`bonus_coin_id`, `bonus_coin`, `date`) VALUES
(1, 100.00, '2024-01-01'),
(2, 110.00, '2024-02-01'),
(3, 105.00, '2024-03-01'),
(4, 115.00, '2024-03-15'),
(5, 120.00, '2024-04-01'),
(6, 125.00, '2024-04-05'),
(7, 130.00, '2024-04-08'),
(8, 128.00, '2024-04-10'),
(9, 132.00, '2024-04-11'),
(10, 135.00, '2024-04-12');

INSERT INTO `marketing_drop` (`marketing_id`, `marketing_title`, `marketing_dsc`, `marketing_image`, `marketing_date`, `marketing_status`) VALUES
(1, 'নতুন বছরের অফার', 'সোনা কেনায় ১০% ডিসকাউন্ট', 'new_year_offer.jpg', '2024-01-01 00:00:00', 'deactive'),
(2, 'ভ্যালেন্টাইন স্পেশাল', 'প্রেমিক-প্রেমিকাদের জন্য বিশেষ উপহার', 'valentine.jpg', '2024-02-14 00:00:00', 'active'),
(3, 'স্বাধীনতা দিবস অফার', 'সকল পণ্যে ১৫% ছাড়', 'independence.jpg', '2024-03-26 00:00:00', 'active'),
(4, 'বৈশাখী অফার', 'পহেলা বৈশাখে সোনা কিনুন উপহার পান', 'boishakhi.jpg', '2024-04-14 00:00:00', 'active'),
(5, 'গ্রীষ্মকালীন অফার', 'গরমের সময় বিশেষ ডিসকাউন্ট', 'summer_offer.jpg', '2024-05-01 00:00:00', 'active'),
(6, 'ঈদুল ফিতর স্পেশাল', 'ঈদ উপলক্ষ্যে সোনা ও কয়েনে ছাড়', 'eid_fitar.jpg', '2024-04-10 00:00:00', 'active'),
(7, 'নতুন ইউজার বোনাস', 'নিবন্ধন করেই পেয়ে যান ৫০০ টাকা', 'new_user_bonus.jpg', '2024-01-15 00:00:00', 'deactive'),
(8, 'রেফারেল বোনাস', 'বন্ধুকে আনুন, উপার্জন করুন', 'referral_bonus.jpg', '2024-02-01 00:00:00', 'active'),
(9, 'লাকি ড্র', 'প্রতি মাসে লাকি ড্র ও ১ গ্রাম সোনা', 'lucky_draw.jpg', '2024-03-01 00:00:00', 'active'),
(10, 'ফ্ল্যাশ সেল', '২৪ ঘন্টার জন্য বিশেষ অফার', 'flash_sale.jpg', '2024-04-05 00:00:00', 'deactive');

INSERT INTO `p2p_sevings` (`package_id`, `package_name`, `package_price`, `daily_income`, `daily_coin`, `duration_date`, `create_date`) VALUES
(1, 'বেসিক প্যাকেজ', 5000.00, 50.00, 20.00, 90, '2024-01-01'),
(2, 'স্ট্যান্ডার্ড প্যাকেজ', 10000.00, 120.00, 45.00, 180, '2024-01-01'),
(3, 'প্রিমিয়াম প্যাকেজ', 20000.00, 300.00, 100.00, 365, '2024-01-01'),
(4, 'ডেইলি ইনকাম প্যাকেজ', 3000.00, 40.00, 15.00, 60, '2024-02-01'),
(5, 'হাই রিটার্ন প্যাকেজ', 15000.00, 200.00, 75.00, 150, '2024-02-15'),
(6, 'সিলভার প্যাকেজ', 7500.00, 85.00, 30.00, 120, '2024-03-01'),
(7, 'গোল্ড প্যাকেজ', 25000.00, 400.00, 150.00, 365, '2024-03-10'),
(8, 'প্লাটিনাম প্যাকেজ', 50000.00, 900.00, 350.00, 365, '2024-03-20'),
(9, 'স্টার্টার প্যাকেজ', 2000.00, 25.00, 10.00, 30, '2024-04-01'),
(10, 'ডায়মন্ড প্যাকেজ', 100000.00, 2000.00, 800.00, 500, '2024-04-05');